sci_name,REVISED_ALTERNATE_COM_NAME
Nothoprocta sp.,Nothoprocta tinamou sp.
Tinamus sp.,Tinamus tinamou sp.
Crypturellus sp.,Crypturellus tinamou sp.
Anser sp.,Anser goose sp.
Branta sp.,Branta goose sp.
Sarkidiornis melanotos,Knob-billed Duck (Comb Duck)
Sarkidiornis sylvicola,American Comb Duck
Chloephaga sp.,Chloephaga goose sp.
Tadorna ferruginea,Ruddy Shelduck (Brahminy Duck)
Nettapus coromandelianus,Cotton Pygmy-Goose (Cotton Teal)
Anas crecca,Green-winged Teal (Common Teal)
Anas crecca carolinensis,Green-winged Teal (Common Teal) [American]
Anas gibberifrons,Indonesian Teal
Anas sp.,Anas duck sp.
Marmaronetta angustirostris,Marbled Duck (Marbled Teal)
Aythya nyroca,Ferruginous Duck (Ferruginous Pochard)
Aythya sp.,Aythya duck sp.
Talegalla sp.,Talegalla brushturkey sp.
Penelope sp.,Penelope guan sp.
Cracidae sp.,Cracidae sp.
Arborophila/Tropicoperdix sp.,Arborophila partridge sp.
Alectoris chukar,Chukar Partridge
Columba livia,Rock Pigeon (Blue Rock Pigeon)
Columba sp.,Columba pigeon sp.
Patagioenas sp.,Patagioenas pigeon sp.
Streptopelia tranquebarica,Red Collared-Dove (Red Turtle-Dove)
Streptopelia sp.,Streptopelia dove sp.
Spilopelia senegalensis,Laughing Dove (Little Brown Dove)
Macropygia sp.,Cuckoo-dove sp.
Turtur sp.,Turtur wood-dove sp.
Leptotila sp.,Leptotila dove sp.
Treron affinis,Grey-fronted Green-Pigeon (Pompadour Green-Pigeon)
Chlamydotis macqueenii,Macqueen's Bustard (Houbara Bustard)
Tauraco sp.,Tauraco turaco sp.
Clamator jacobinus,Pied Cuckoo (Jacobin Cuckoo)
Coccyzus sp.,Coccyzus cuckoo sp.
Chrysococcyx/Chalcites sp.,Chrysococcyx/Chalcites cuckoo sp.
Cacomantis sp.,Cacomantis cuckoo sp.
Cercococcyx sp.,Cercococcyx cuckoo sp.
Cuculus sp.,Cuculus cuckoo sp.
Hydropsalis sp.,Hydropsalis nightjar sp.
Antrostomus sp.,Antrostomus new world nightjar sp.
Caprimulgus indicus,Jungle Nightjar (Indian Jungle Nightjar)
Caprimulgus jotaka,Grey Nightjar (Eastern Jungle Nightjar)
Caprimulgus europaeus,Eurasian Nightjar (European Nightjar)
Caprimulgus sp.,Caprimulgus old world nightjar sp.
Batrachostomus sp.,Batrachostomus frogmouth sp.
Cypseloides sp.,Cypseloides swift sp.
Streptoprocne sp.,Streptoprocne swift sp.
Zoonavena sylvatica,White-rumped Spinetail (White-rumped Needletail)
Chaetura sp.,Chaetura swift sp.
Hirundapus sp.,Hirundapus needletail sp.
Collocalia affinis,Plume-toed Swift (Andaman Glossy Swiftlet)
Aerodramus fuciphagus,Edible-nest Swiftlet
Aerodramus fuciphagus germani/amechanus,Edible-nest Swiftlet (Germain's)
Aerodramus fuciphagus [fuciphagus Group],Edible-nest Swiftlet (White-nest)
Apus leuconyx,Blyth's Swift (Fork-tailed Swift)
Apus affinis,Little Swift (Indian House Swift)
Apus nipalensis,House Swift (Nepal House Swift)
Apus/Tachymarptis sp.,Apus/Tachymarptis swift sp.
Oreotrochilus sp.,Oreotrochilus hillstar sp.
Chaetocercus sp.,Chaetocercus woodstar sp.
Selasphorus sp.,Selasphorus hummingbird sp.
Riccordia/Cynanthus/Chlorostilbon sp.,Chlorostilbon emerald sp.
Chrysuronia goudoti/coeruleogularis/lilliae,Shining-green/Sapphire-throated/Sapphire-bellied Hummingbird
Rallus sp.,Rallus rail sp.
Porphyrio poliocephalus,Grey-headed Swamphen (Purple Swamphen)
Rallina sp.,Rallina rail/crake sp.
Zapornia sp.,Zapornia rail/crake sp.
Porzana/Zapornia sp.,Porzana/Zapornia/Hapalocrex rail/crake sp.
Esacus recurvirostris,Great Thick-knee (Great Stone-curlew)
Esacus magnirostris,Beach Thick-knee (Beach Stone-curlew)
Burhinus oedicnemus,Eurasian Thick-knee (Eurasian Stone-curlew)
Burhinus indicus,Indian Thick-knee (Indian Stone-curlew)
Burhinus sp.,stone-curlew/thick-kneee sp.
Pluvialis squatarola,Black-bellied Plover (Grey Plover)
Charadrius/Thinornis sp.,Charadrius/Thinornis plover sp.
Anarhynchus atrifrons,Tibetan Sand-Plover (Lesser Sand-Plover)
Tringa sp.,Tringa sandpiper sp.
Calidris sp. (peep sp.),Stint sp. (Calidris sp.)
Calidris sp.,Calidris stint/sandpiper sp.
Stercorarius parasiticus,Parasitic Jaeger (Arctic Skua)
Stercorarius pomarinus,Pomarine Jaeger (Pomarine Skua)
Larus sp.,Larus gull sp.
Sternula sp.,Sternula tern sp.
Chlidonias sp.,Chlidonias tern sp.
Sterna sp.,Sterna tern sp.
Thalasseus sp.,Thalasseus tern sp.
Laridae sp.,gull/tern/skimmer sp.
Podiceps auritus,Horned Grebe (Slavonian Grebe)
Podiceps nigricollis,Eared Grebe (Black-necked Grebe)
Podiceps sp.,Podiceps grebe sp.
Oceanites sp.,Oceanites storm-petrel sp.
Hydrobates sp. (Band-rumped complex),Oceanodroma storm-petrel sp. (Band-rumped complex)
Hydrobates sp.,Oceanodroma storm-petrel sp.
Pterodroma sp.,Pterodroma petrel sp.
Pseudobulweria sp.,Pseudobulweria petrel sp.
Procellaria sp.,Procellaria petrel sp.
Procellariidae sp.,procellariid sp.
Ciconia sp.,Ciconia stork sp.
Phalacrocorax fuscicollis,Indian Cormorant (Indian Shag)
Pseudibis papillosa,Red-naped Ibis (Indian Black Ibis)
Egretta sacra,Pacific Reef-Heron (Pacific Reef-Egret)
Egretta gularis,Western Reef-Heron (Western Reef-Egret)
Butorides striata,South American Striated Heron
Butorides striata x sundevalli,South American Striated Heron x Lava Heron (hybrid)
Butorides striata/sundevalli,South American Striated Heron/Lava Heron
Butorides atricapilla,Striated Heron (Little Heron)
Butorides atricapilla [atricapilla Group],Striated Heron (Little Heron) [African]
Butorides atricapilla crawfordi/degens,Striated Heron (Little Heron) [Seychelles]
Butorides atricapilla brevipes,Striated Heron (Little Heron) [Red Sea]
Butorides atricapilla [javanica Group],Striated Heron (Little Heron) [Asian]
Butorides atricapilla [stagnatilis Group],Striated Heron (Little Heron) [Australasian]
Butorides atricapilla patruelis,Striated Heron (Little Heron) [Tahiti]
Butorides virescens,North American Green Heron
Butorides virescens virescens/bahamensis,North American Green Heron (virescens/bahamensis)
Butorides virescens anthonyi,North American Green Heron (anthonyi)
Butorides virescens frazari,North American Green Heron (frazari)
Butorides striata x virescens,South American Striated x North American Green Heron (hybrid)
Butorides striata/virescens,South American Striated/South American Striated Heron
Ardea intermedia,Medium Egret (Intermediate Egret)
Ardea sp.,Ardea heron sp.
Pelecanus onocrotalus,Great White Pelican (Rosy Pelican)
Cathartes sp.,Cathartes vulture sp.
Elanus caeruleus,Black-winged Kite (Black-shouldered Kite)
Elanus axillaris,Australian Black-shouldered Kite
Gypaetus barbatus,Bearded Vulture (Lammergeier)
Pernis ptilorhynchus,Oriental Honey-buzzard (Crested Honey Buzzard)
Gyps himalayensis,Himalayan Griffon (Himalayan Vulture)
Gyps indicus,Indian Vulture (Indian Long-billed Vulture)
Gyps tenuirostris,Slender-billed Vulture (Himalayan Long-billed Vulture)
Gyps fulvus,Eurasian Griffon (Griffon Vulture)
Gyps sp.,Gyps vulture sp.
Spilornis cheela minimus,Central Nicobar Serpent Eagle
Nisaetus sp.,Nisaetus hawk-eagle sp.
Spizaetus sp.,Spizaetus hawk-eagle sp.
Aquila sp.,Aquila eagle sp.
Astur gentilis,Eurasian Goshawk (Northern Goshawk)
Haliaeetus/Icthyophaga sp.,Haliaeetus/Icthyophaga eagle sp.
Buteogallus sp.,Buteogallus hawk sp.
Geranoaetus sp.,Geranoaetus hawk sp.
Buteo sp.,Buteo hawk/buzzard sp.
Tyto alba,European Barn Owl
Tyto alba [alba Group],European Barn Owl (European)
Tyto alba schmitzi,European Barn Owl (Madeiran)
Tyto alba gracilirostris,European Barn Owl (Canary Is.)
Tyto alba poensis,European Barn Owl (African)
Tyto alba detorta,European Barn Owl (Cape Verde)
Tyto alba thomensis,European Barn Owl (Sao Tome)
Tyto javanica,Asian Barn Owl (Eastern Barn Owl)
Tyto javanica [javanica Group],Asian Barn Owl (Asian)
Tyto javanica crassirostris,Asian Barn Owl (Boang)
Tyto alba/javanica,European/Asian Barn Owl (Eastern Barn Owl)
Otus bakkamoena,Indian Scops-Owl (Collared Scops-Owl)
Pulsatrix sp.,Pulsatrix owl sp.
Bubo bengalensis,Rock Eagle-Owl (Indian Eagle-Owl)
Bubo sp.,Bubo owl sp.
Glaucidium sp.,Glaucidium owlet sp.
Strix sp. (former Ciccaba sp.),Ciccaba owl sp.
Asio sp.,Asio owl sp.
Ninox affinis,Andaman Hawk-Owl (Andaman Boobook)
Ninox scutulata,Brown Hawk-Owl (Brown Boobook)
Ninox obscura,Hume's Hawk-Owl (Hume's Boobook)
Ninox sp.,hawk-owl sp.
Lophoceros sp.,Lophoceros hornbill sp.
Tockus sp.,Tockus hornbill sp.
Buceros bicornis,Great Hornbill (Great Pied Hornbill)
Alcedo atthis,Common Kingfisher (Small Blue Kingfisher)
Alcedo coerulescens,Cerulean Kingfisher
Ceyx erithaca,Black-backed Dwarf-Kingfisher (Oriental Dwarf Kingfisher)
Todiramphus sp.,Todiramphus old world kingfisher sp.
Chloroceryle sp.,Chloroceryle new world kingfisher sp.
Coracias affinis,Indochinese Roller (Black-billed Roller)
Monasa sp.,Monasa nunbird sp.
Bucconidae sp.,Bucconidae sp.
Galbula sp.,Galbula jacamar sp.
Psilopogon sp.,Psilopogon asian barbet sp.
Capito sp.,Capito new world barbet sp.
Aulacorhynchus sp.,Aulacorhynchus toucanet sp.
Melanerpes sp.,Melanerpes woodpecker sp.
Yungipicus nanus,Brown-capped Pygmy Woodpecker (Indian Pygmy Woodpecker)
Yungipicus moluccensis,Sunda Pygmy Woodpecker
Dendrocopos analis,Freckle-breasted Woodpecker (Spot-breasted Woodpecker)
Dendrocopos sp.,Dendrocopus woodpecker sp.
Dryobates cathpharius,Crimson-naped Woodpecker (Crimson-breasted Woodpecker)
Campephilus sp.,Campephilus woodpecker sp.
Dinopium benghalense,Black-rumped Flameback (Lesser Goldenbacked Woodpecker)
Picus sp.,Picus woodpecker sp.
Dryocopus javensis,White-bellied Woodpecker (Great Black Woodpecker)
Dryocopus sp.,Dryocopus woodpecker sp.
Celeus sp.,Celeus woodpecker sp.
Piculus sp.,Piculus woodpecker sp.
Colaptes punctigula,Spot-breasted Flicker
Falco tinnunculus,Eurasian Kestrel (Common Kestrel)
Psittacula columboides,Malabar Parakeet (Blue-winged Parakeet)
Psittacula sp.,Psittacula parakeet sp.
Neophema sp.,Neophema parrot sp.
Cyanoramphus sp.,Cyanoramphus parakeet sp.
Loriculus vernalis,Vernal Hanging-Parrot (Indian Lorikeet)
Poicephalus sp.,Poicephalus parrot sp.
Touit sp.,Touit parrotlet sp.
Brotogeris sp.,Brotogeris parakeet sp.
Pyrilia sp.,Pyrilia parrot sp.
Pionus sp.,Pionus parrot sp.
Amazona sp.,Amazona parrot sp.
Forpus sp.,Forpus parrotlet sp.
Pyrrhura sp.,Pyrrhura parakeet sp.
Psittacara sp.,Psittacara parakeet sp.
Smithornis sp.,Smithornis broadbill sp.
Serilophus rubropygius,Grey-lored Broadbill (Silver-breasted Broadbill)
Erythropitta sp.,Erythropitta pitta sp.
Hydrornis sp.,Hydrornis pitta sp.
Pitta sp.,Pitta sp. (genus Pitta)
Pittidae sp.,pitta sp. (genus Erythropitta/Hydrornis/Pitta)
Euchrepomis sp.,Euchrepomis antwren sp.
Thamnophilus sp.,Thamnophilus antshrike sp.
Myrmotherula sp.,Myrmotherula antwren sp.
Herpsilochmus sp.,Herpsilochmus antwren sp.
Drymophila sp.,Drymophila antbird sp.
Cercomacroides sp.,Cercomacroides antbird sp.
Myrmelastes sp.,Myrmelastes antbird sp.
Grallaria sp.,Grallaria antpitta sp.
Scytalopus sp.,Scytalopus tapaculo sp.
Formicarius sp.,Formicarius antthrush sp.
Chamaeza sp.,Chamaeza antthrush sp.
Dendrocincla sp.,Dendrocincla woodcreeper sp.
Dendrocolaptes sp.,Dendrocolaptes woodcreeper sp.
Xiphorhynchus sp.,Xiphorhynchus woodcreeper sp.
Lepidocolaptes sp.,Lepidocolaptes woodcreeper sp.
Upucerthia sp.,Upucerthia earthcreeper sp.
Cinclodes sp.,cinclodes sp.
Philydor sp.,Philydor foliage-gleaner sp.
Anabacerthia sp.,Anabacerthia folieage-gleaner sp.
Syndactyla sp.,Syndactyla foliage-gleaner/recurvebill sp.
Automolus sp.,Automolus folieage-gleaner sp.
Cranioleuca sp.,Cranioleuca spinetail sp.
Synallaxis sp.,Synallaxis spinetail sp.
Lepidothrix sp.,Lepidothrix manakin sp.
Heterocercus sp.,Heterocercus manakin sp.
Pipreola sp.,Pipreola fruiteater sp.
Tityra sp.,tityra sp.
Schiffornis sp.,schiffornis sp.
Myiobius sp.,Myiobius flycatcher sp.
Mionectes sp.,Mionectes flycatcher sp.
Phylloscartes sp.,Phylloscartes tyrannulet sp.
Lophotriccus sp.,Lophotriccus pygmy-tyrant sp.
Hemitriccus sp.,Hemitriccus tody-tyrant sp.
Poecilotriccus sp.,Poecilotriccus tody-flycatcher sp.
Todirostrum sp.,Todirostrum tody-flycatcher sp.
Tolmomyias sp.,Tolmomyias flycatcher sp.
Anairetes sp.,Anairetes tit-tyrant sp.
Serpophaga sp.,Serpophaga tyrannulet sp.
Phyllomyias sp.,Phyllomyias tyrannulet sp.
Zimmerius sp.,Zimmerius tyrannulet sp.
Myiophobus sp.,Myiophobus flycatcher sp.
Empidonax sp.,Empidonax flycatcher sp.
Myiotheretes sp.,Myiotheretes bush-tyrant sp.
Ramphotrigon sp.,Ramphotrigon flatbill sp.
Myiarchus sp.,Myiarchus flycatcher sp.
Tyrannus sp.,Tyrannus kingbird sp.
Climacteris picumnus,Australian Brown Treecreeper
Climacteridae sp.,australian treecreeper sp.
Meliphaga sp.,Meliphaga honeyeater sp.
Gavicalis sp.,Gavicalis honeyeater sp.
Melipotes sp.,Melipotes honeyeater sp.
Melithreptus sp.,Melithreptus honeyeater sp.
Meliphagidae sp.,Meliphagidae sp.
Coracina sp.,Coracina cuckooshrike sp.
Lalage sp.,Lalage triller/cuckooshrike sp.
Edolisoma sp.,Edolisoma cicadabird sp.
Erpornis zantholeuca,White-bellied Erpornis (White-bellied Yuhina)
Colluricincla sp.,Colluricincla shrikethrush sp.
Pachycephala sp.,Pachycephala whistler sp.
Batis sp.,batis sp.
Vangidae sp.,Vangidae sp.
Aegithina nigrolutea,White-tailed Iora (Marshall's Iora)
Tchagra sp.,tchagra sp.
Rhipidura albogularis,Spot-breasted Fantail (White-spotted Fantail)
Dicrurus hottentottus,Hair-crested Drongo (Spangled Drongo)
Dicrurus bracteatus,Australian Spangled Drongo
Monarcha sp.,Monarcha monarch sp.
Myiagra sp.,Myiagra flycatcher sp.
Cyanocorax sp.,Cyanocorax jay sp.
Aphelocoma sp.,Aphelocoma jay sp.
Urocissa flavirostris,Yellow-billed Blue Magpie
Pica hudsonia,American Magpie
Pica sp.,Pica magpie sp.
Nucifraga hemispila,Spotted Nutcracker (Southern Nutcracker)
Nucifraga multipunctata,Kashmir Nutcracker (Large-spotted Nutcracker)
Pyrrhocorax graculus,Yellow-billed Chough (Alpine Chough)
Corvus corax,Common Raven (Northern Raven)
Melanocharis sp.,Melanocharis berrypecker sp.
Petroica sp.,Petroica robin sp.
Microeca/Devioeca/Kempiella sp.,Microeca flycatcher/flyrobin sp.
Chelidorhynx hypoxanthus,Yellow-bellied Fantail
Periparus rufonuchalis,Rufous-naped Tit (Black-breasted Tit)
Pseudopodoces humilis,Ground Tit (Groundpecker)
Parus major,European Great Tit
Parus major [major Group],European Great Tit (European)
Parus major [bokharensis Group],European Great Tit (Turkestan)
Parus cinereus,Cinereous Tit
Parus cinereus [cinereus Group],Cinereous Tit (Great Tit)
Parus cinereus [minor Group],Cinereous Tit (Japanese)
Parus cinereus commixtus,Cinereous Tit (commixtus)
Parus cinereus amamiensis,Cinereous Tit (Amami)
Parus cinereus okinawae,Cinereous Tit (Okinawa)
Parus cinereus nigriloris,Cinereous Tit (Ishigaki)
Parus major/cinereus,Great/Cinereous Tit
Parus sp.,Parus tit sp.
Machlolophus nuchalis,White-naped Tit (Pied Tit)
Paridae sp.,parid tit sp.
Ammomanes sp.,Ammomanes lark sp.
Eremopterix griseus,Ashy-crowned Sparrow-Lark (Ashy-crowned Finch-Lark)
Plocealauda erythroptera,Indian Bushlark (Red-winged Bushlark)
Plocealauda/Mirafra sp.,Plocealauda/Mirafra bushlark sp.
Mirafra sp.,Mirafra bushlark sp.
Galerida deva,Tawny Lark (Sykes's Lark)
Calandrella sp.,Calandrella lark sp.
Alaudala heinei,Turkestan Short-toed Lark (Lesser Short-toed Lark)
Alaudala sp.,Alaudala lark sp.
Calandrella/Alaudala sp.,Calandrella/Alaudala lark sp.
Eremomela sp.,eremomela sp.
Camaroptera sp.,camaroptera sp.
Apalis sp.,apalis sp.
Prinia crinigera,Himalayan Prinia (Striated Prinia)
Prinia lepida,Delicate Prinia (Indian Graceful Prinia)
Cisticola exilis,Golden-headed Cisticola (Bright-headed Cisticola)
Iduna sp.,Iduna warbler sp.
Hippolais sp.,Hippolais warbler sp.
Acrocephalus stentoreus,Clamorous Reed Warbler (Indian Great Reed Warbler)
Acrocephalus sp.,Acrocephalus warbler sp.
Iduna/Hippolais/Acrocephalus sp.,Iduna/Hippolais/Acrocephalus warbler sp.
Helopsaltes sp.,Helopsaltes warbler sp.
Locustella sp.,Locustella warbler sp.
Helopsaltes/Locustella sp.,Helopsaltes/Locustella warbler sp.
Poodytes/Cincloramphus/Megalurus sp.,Poodytes/Cincloramphus/Megalurus grassbird sp.
Bradypterus sp.,Bradypterus warbler sp.
Pnoepyga albiventer,Scaly-breasted Cupwing (Scaly-breasted Wren-Babbler)
Pnoepyga immaculata,Immaculate Cupwing (Nepal Wren-Babbler)
Pnoepyga pusilla,Pygmy Cupwing (Pygmy Wren-Babbler)
Riparia paludicola,African Plain Martin
Riparia chinensis,Grey-throated Martin (Plain Martin)
Riparia riparia,Bank Swallow (Sand Martin)
Riparia diluta,Pale Martin (Pale Sand Martin)
Riparia sp.,Riparia martin/swallow sp.
Tachycineta sp.,Tachycineta swallow sp.
Progne sp.,Progne martin sp.
Hirundo sp.,Hirundo swallow sp.
Hirundo domicola,Hill Swallow (House Swallow)
Delichon urbicum,Northern House-Martin (Western House-Martin)
Petrochelidon sp.,Petrochelidon martin/swallow sp.
Hirundinidae sp.,martin/swallow sp.
Arizelocichla sp.,Arizelocichla greenbul sp.
Criniger sp.,Criniger greenbul sp.
Eurillas sp.,Eurillas greenbul sp.
Phyllastrephus sp.,Phyllastrephus greenbul sp.
Iole cacharensis,Cachar Bulbul (Indian Olive Bulbul)
Iole sp.,Iole bulbul sp.
Hypsipetes leucocephalus,Himalayan Black Bulbul
Hypsipetes ganeesa,Square-tailed Bulbul (Black Bulbul)
Rubigula gularis,Flame-throated Bulbul (Ruby-throated Bulbul)
Rubigula dispar,Sunda Ruby-throated Bulbul
Pycnonotus sp.,Pycnonotus bulbul sp.
Microtarsus/Rubigula/Pycnonotus sp.,Microtarsus/Rubigula/Pycnonotus bulbul sp.
Pycnonotidae sp.,bulbul sp.
Phylloscopus burkii,Green-crowned Warbler (Golden-spectacled Warbler)
Phylloscopus sp. (burkii complex),Phylloscopus warbler sp. (Golden-spectacled Warbler complex)
Phylloscopus sp.,Phylloscopus warbler sp.
Tesia sp.,tesia sp. (genus Tesia)
Cettia sp.,Cettia warbler sp.
Aegithalos concinnus,Black-throated Tit (Black-throated Bushtit)
Aegithalos niveogularis,White-throated Tit (White-throated Bushtit)
Aegithalos iouschistos iouschistos,Rufous-fronted Bushtit
Curruca communis,Greater Whitethroat (Common Whitethroat)
Curruca sp.,Curruca warbler sp.
Sylvia/Curruca sp.,Sylvia warbler sp.
Passeriformes sp. (Old World warbler sp.),Warbler sp.
Fulvetta ludlowi,Brown-throated Fulvetta (Ludlow's Fulvetta)
Fulvetta sp.,fulvetta sp. (genus Fulvetta)
Paradoxornis ruficeps,White-breasted Parrotbill (Greater Rufous-headed Parrotbill)
Suthora atrosuperciliaris,Pale-billed Parrotbill (Lesser Rufous-headed Parrotbill)
Zosterops palpebrosus,Indian White-eye (Oriental White-eye)
Zosterops sp.,Zosterops white-eye sp.
Cyanoderma sp.,Cyanoderma babbler sp.
Spelaeornis badeigularis,Mishmi Wren-Babbler (Rusty-throated Wren-Babbler)
Spelaeornis chocolatinus,Naga Wren-Babbler (Long-tailed Wren-Babbler)
Pomatorhinus sp.,Pomatorhinus scimitar-babbler sp.
Stachyris humei,Sikkim Wedge-billed Babbler (Blackish-breasted Babbler)
Stachyris roberti,Cachar Wedge-billed Babbler (Chevron-breasted Babbler)
Stachyris sp.,Stachyris babbler sp.
Timaliidae sp.,Timaliidae babbler sp.
Graminicola bengalensis,Indian Grassbird (Rufous-rumped Grassbird)
Malacopteron sp.,Malacopteron babbler sp.
Schoeniparus sp.,Schoeniparus babbler sp.
Laticilla burnesii,Rufous-vented Grass Babbler (Rufous-vented Prinia)
Laticilla cinerascens,Swamp Grass Babbler (Swamp Prinia)
Illadopsis sp.,illadopsis sp.
Pellorneidae sp.,Pellorneidae sp.
Alcippe sp.,Alcippe fulvetta sp.
Trochalopteron sp.,Trochalopteron laughingthrush sp.
Montecincla jerdoni,Banasura Laughingthrush (Banasura Chilappan)
Montecincla cachinnans,Nilgiri Laughingthrush (Nilgiri Chilappan)
Montecincla fairbanki,Palani Laughingthrush (Palani Chilappan)
Montecincla meridionalis,Ashambu Laughingthrush (Ashambu Chilappan)
Actinodura strigula,Chestnut-tailed Minla (Bar-throated Siva)
Argya/Turdoides sp.,Turdoides babbler sp.
Garrulax sp.,Garrulax laughingthrush sp.
Ianthocincla/Pterorhinus sp.,Ianthocincla laughingthrush/babax sp.
Certhia familiaris,European Treecreeper
Certhia hodgsoni,Hodgson's Treecreeper (Eurasian Treecreeper)
Certhia americana,American Treecreeper
Certhia americana [occidentalis Group],American Treecreeper (occidentalis Group)
Certhia americana montana/idahoensis,American Treecreeper (montana/idahoensis)
Certhia americana americana/nigrescens,American Treecreeper (americana/nigrescens)
Certhia americana albescens/alticola,American Treecreeper (albescens/alticola)
Certhia americana pernigra,American Treecreeper (pernigra)
Certhia americana extima,American Treecreeper (extima)
Certhia discolor,Sikkim Treecreeper (Brown-throated Treecreeper)
Troglodytes troglodytes,Eurasian Wren (Winter Wren)
Troglodytes hiemalis,American Winter Wren
Pheugopedius sp.,Pheugopedius wren sp.
Cantorchilus sp.,Cantorchilus wren sp.
Cinnycerthia sp.,Cinnycerthia wren sp.
Elachura formosa,Spotted Elachura (Spotted Wren-Babbler)
Aplonis sp.,Aplonis starling sp.
Sturnus vulgaris,European Starling (Common Starling)
Gracupica contra,Indian Pied Starling (Pied Myna)
Sturnia blythii,Malabar Starling (Blyth's Starling)
Acridotheres sp.,Acridotheres myna sp.
Lamprotornis sp.,Lamprotornis starling sp.
Toxostoma sp.,Toxostoma thrasher sp.
Mimidae sp.,Mimidae sp.
Zoothera sp.,Zoothera thrush sp.
Catharus sp.,Catharus thrush sp.
Geokichla sp.,Geokichla thrush sp.
Turdus kessleri,White-backed Thrush (Kessler's Thrush)
Turdus sp.,Turdus thrush sp.
Muscicapa sp.,Muscicapa flycatcher sp.
Bradornis sp.,Bradornis flycatcher sp.
Muscicapa/Bradornis sp.,Muscicapa/Bradornis flycatcher sp.
Brachypteryx cruralis,Himalayan Shortwing (White-browed Shortwing)
Brachypteryx sp.,Brachypteryx shortwing sp.
Tarsiger cyanurus,Red-flanked Bluetail (Red-flanked Bush-Robin)
Tarsiger rufilatus,Himalayan Bluetail (Orange-flanked Bush-Robin)
Tarsiger sp.,Tarsiger bush-robin sp.
Ficedula zanthopygia,Yellow-rumped Flycatcher (Korean Flycatcher)
Ficedula albicilla,Taiga Flycatcher (Red-throated Flycatcher)
Ficedula sp.,Ficedula flycatcher sp.
Phoenicurus erythronotus,Rufous-backed Redstart (Eversmann's Redstart)
Phoenicurus erythrogastrus,White-winged Redstart (Güldenstädt's Redstart)
Saxicola macrorhynchus,White-browed Bushchat (Stoliczka's Bushchat)
Saxicola insignis,White-throated Bushchat (Hodgson's Bushchat)
Saxicola maurus,Siberian Stonechat (Common Stonechat)
Saxicola stejnegeri,Amur Stonechat (Stejneger's Stonechat)
Saxicola sp.,Saxicola bushchat/stonechat sp.
Oenanthe chrysopygia,Red-tailed Wheatear (Persian Wheatear)
Muscicapidae sp.,muscicapid flycatcher sp.
Prionochilus sp.,Prionochilus flowerpecker sp.
Pachyglossa/Dicaeum sp.,Pachyglossa/Dicaeum flowerpecker sp.
Leptocoma minima,Crimson-backed Sunbird (Small Sunbird)
Leptocoma brasiliana,Van Hasselt's Sunbird (Purple-throated Sunbird)
Leptocoma sperata,Philippine Purple-throated Sunbird
Cinnyris ornatus,Ornate Sunbird (Olive-backed Sunbird)
Cinnyris lotenius,Loten's Sunbird (Long-billed Sunbird)
Cinnyris sp.,Cinnyris sunbird sp.
Aethopyga sp.,Aethopyga sunbird sp.
Chloropsis moluccensis,Blue-winged Leafbird (Blue-winged Chloropsis)
Chloropsis jerdoni,Jerdon's Leafbird (Jerdon's Chloropsis)
Chloropsis aurifrons,Golden-fronted Leafbird (Golden-fronted Chloropsis)
Chloropsis hardwickii,Orange-bellied Leafbird (Orange-bellied Chloropsis)
Ploceus megarhynchus,Finn's Weaver (Yellow Weaver)
Ploceus benghalensis,Black-breasted Weaver (Bengal Weaver)
Ploceus sp.,Ploceus weaver sp.
Euplectes sp.,Euplectes bishop/widowbird sp.
Euodice malabarica,Indian Silverbill (White-throated Munia)
Lonchura punctulata,Scaly-breasted Munia (Spotted Munia)
Lonchura malacca,Tricolored Munia (Black-headed Munia)
Lonchura sp.,Lonchura munia sp.
Vidua sp.,Vidua whydah/indigobird sp.
Prunella himalayana,Altai Accentor (Himalayan Accentor)
Passer sp.,Passer sparrow sp.
Gymnoris xanthocollis,Yellow-throated Sparrow (Chestnut-shouldered Petronia)
Montifringilla henrici,Henri's Snowfinch
Montifringilla adamsi,Black-winged Snowfinch (Tibetan Snowfinch)
Pyrgilauda blanfordi,Blanford's Snowfinch (Plain-backed Snowfinch)
Motacilla maderaspatensis,White-browed Wagtail (Large Pied Wagtail)
Anthus japonicus,Buff-bellied Pipit (Siberian Pipit)
Anthus rubescens,American Pipit
Anthus japonicus/rubescens,Buff-bellied/American Pipit
Anthus spinoletta/japonicus/rubescens,Water/Buff-bellied Pipit
Mycerobas sp.,Mycerobas grosbeak sp.
Leucosticte brandti,Black-headed Mountain-Finch (Brandt's Mountain Finch)
Haemorhous sp.,Haemorhous finch sp.
Carduelis carduelis,Western Goldfinch
Carduelis carduelis x caniceps,Western x Grey-crowned Goldfinch (hybrid)
Carduelis carduelis/caniceps,Western/Grey-crowned Goldfinch
Carduelis carduelis x Serinus canaria,Western Goldfinch x Island Canary (hybrid)
Serinus sp.,Serinus canary sp.
Spinus sp. (goldfinch sp.),Spinus finch sp. (goldfinch sp.)
Spinus sp.,Spinus finch sp.
Acanthis/Spinus sp.,Acanthis/Spinus finch sp.
Emberiza stewarti,White-capped Bunting (Chestnut-breasted Bunting)
Emberiza buchanani,Grey-necked Bunting (Grey-hooded Bunting)
Emberiza sahari,African House Bunting
Emberiza striolata,Striolated Bunting (House Bunting)
Emberiza sp.,Emberiza bunting sp.
Chlorospingus sp.,chlorospingus sp.
Peucaea sp.,Peucaea sparrow sp.
Spizella sp.,Spizella sparrow sp.
Zonotrichia sp.,Zonotrichia sparrow sp.
Ammospiza sp.,Ammospiza sparrow sp.
Leiothlypis sp.,Leiothlypis warbler sp.
Setophaga sp.,Setophaga warbler sp.
Basileuterus sp.,Basileuterus warbler sp.
Myiothlypis sp.,Myiothlypis warbler sp.
Myioborus sp.,Myioborus warbler sp.
Parulidae sp.,new world warbler sp. (Parulidae sp.)
Chlorothraupis sp.,Chlorothraupis tanager sp.
Pheucticus sp.,Pheucticus grosbeak sp.
Passerina sp.,Passerina bunting sp.
Thlypopsis sp.,Thlypopsis tanager sp.
Tachyphonus sp.,Tachyphonus tanager sp.
Ramphocelus sp.,Ramphocelus tanager sp.
Thraupis sp.,Thraupis tanager sp.
Ixothraupis sp.,Ixothraupis tanager sp. (speckled tanager sp.)
Tangara/Stilpnia sp.,Tangara/Stilpnia tanager sp.
Dacnis sp.,dacnis sp.
Sporophila sp.,Sporophila seedeater sp.
Catamenia sp.,Catamenia seedeater sp.
Geospiza sp.,Geospiza galapagos-finch sp.
